Баришівський;БЗІВ;31.21319;50.31515
Баришівський;ВЕСЕЛИНІВКА;31.26967;50.24889
Баришівський;МАЛА ТАРАСІВКА;31.27585;50.17988
Баришівський;УСТИНКОВА ГРЕБЛЯ;31.29730;50.28889
Баришівський;ВОЛОШИНІВКА;31.31996;50.31635
Баришівський;МАСКІВЦІ;31.33558;50.22554
Баришівський;ПОДІЛЛЯ;31.35635;50.19379
Баришівський;БОРЩІВ;31.37026;50.29592
Баришівський;СЕМЕНІВКА;31.51274;50.24511
Баришівський;ЛЕЛЯКИ;31.53128;50.23756
Баришівський;БІЛЬШОВИК;31.59514;50.29421
Баришівський;ХМЕЛЬОВИК;31.60235;50.27017
Баришівський;ЯБЛУНЕВЕ;31.65161;50.30382
Баришівський;ЯБЛУНЕВЕ;31.63427;50.28700
Баришівський;ГРИГОРІВКА;31.69127;50.22846
Баришівський;БАРИШІВКА;31.32958;50.36407
Баришівський;САДОВЕ;31.54793;50.34433
Баришівський;МОРОЗІВКА;31.20855;50.34880
Баришівський;СЕЗЕНКІВ;31.23688;50.39429
Баришівський;ПЕРЕМОГА;31.24615;50.49969
Баришівський;ВЛАСІВКА;31.23808;50.37060
Баришівський;ШВАЧИХА;31.28409;50.37403
Баришівський;СЕЛИЧІВКА;31.27482;50.33987
Баришівський;СЕЛИЩЕ;31.30915;50.40167
Баришівський;ГОСТРОЛУЧЧЯ;31.27842;50.42107
Баришівський;ШОВКОВЕ;31.30795;50.33129
Баришівський;ПАСІЧНА;31.31498;50.37952
Баришівський;КОРЖІ;31.35326;50.34536
Баришівський;ЛУК'ЯНІВКА;31.37592;50.49282
Баришівський;КОРЖІ;31.35601;50.33420
Баришівський;ХЛОПКІВ;31.35859;50.38193
Баришівський;РУДНИЦЬКЕ;31.35841;50.47308
Баришівський;ДЕРНІВКА;31.37009;50.36407
Баришівський;ПАРИШКІВ;31.42811;50.41231
Баришівський;ЧЕРВОНОАРМІЙСЬКЕ;31.43429;50.38055
Баришівський;КОРНІЇВКА;31.45351;50.41815
Баришівський;ЛУКАШІ;31.44030;50.46261
Баришівський;НЕДРА;31.49918;50.36270
Баришівський;ПИЛИПЧА;31.54673;50.44029
Баришівський;ЯРЕШКИ;31.56080;50.40905
Баришівський;ЛЕХНІВКА;31.54518;50.37815
Білоцерківський;МАТЮШІ;29.89431;49.76686
Білоцерківський;ТРУШКИ;29.94650;49.76978
Білоцерківський;МАТЮШІ;29.89620;49.77407
Білоцерківський;ФЕСЮРИ;29.96418;49.66129
Білоцерківський;МАЛА СКВИРКА;29.95045;49.67090
Білоцерківський;ЯБЛУНІВКА;29.95869;49.68962
Білоцерківський;ЧМИРІВКА;30.01225;49.78077
Білоцерківський;ПИЛИПЧА;30.02409;49.73116
Білоцерківський;ГОРОДИЩЕ;30.01122;49.71983
Білоцерківський;СОРОКОТЯГИ;30.02941;49.67691
Білоцерківський;ГЛИБОЧКА;30.03971;49.76051
Білоцерківський;БАКАЛИ;30.04812;49.70369
Білоцерківський;ФУРСИ;30.00126;49.80068
Білоцерківський;ФАСТІВКА;30.00383;49.63262
Білоцерківський;ДРОЗДИ;29.97740;49.88548
Білоцерківський;МАЗЕПИНЦІ;29.98444;49.91140
Білоцерківський;СИДОРИ;29.98959;49.93475
Білоцерківський;МАЛА ВІЛЬШАНКА;30.07610;49.69700
Білоцерківський;КОРЖІВКА;30.08555;49.65031
Білоцерківський;МЕЖОВЕ;30.10305;49.60722
Білоцерківський;ОЗЕРНА;30.13498;49.63726
Білоцерківський;ОЗЕРНА;30.13876;49.65340
Білоцерківський;ЧУПИРА;30.12451;49.60653
Білоцерківський;БИКОВА ГРЕБЛЯ;30.14460;49.66610
Білоцерківський;ЧУПИРА;30.13979;49.55984
Білоцерківський;ШКАРІВКА;30.14528;49.74455
Білоцерківський;ЧЕРКАС;30.19558;49.69374
Білоцерківський;ЧУПИРА;30.18768;49.58387
Білоцерківський;ЧУПИРА;30.20210;49.53478
Білоцерківський;ПОТІЇВКА;30.23232;49.61254
Білоцерківський;ЧУПИРА;30.22099;49.51126
Білоцерківський;КОЖЕНИКИ;30.22699;49.72601
Білоцерківський;ОДНОРІГ;30.23987;49.68206
Білоцерківський;ПОПРАВКА;30.26304;49.67605
Білоцерківський;ТОМИЛІВКА;30.25532;49.75193
Білоцерківський;БЛОЩИНЦІ;30.32673;49.77733
Білоцерківський;ЧЕПИЛІЇВКА;30.32312;49.75433
Білоцерківський;ОСТРІЙКИ;30.31574;49.81235
Білоцерківський;СУХОЛІСИ;30.35849;49.73768
Білоцерківський;ЧУПИРА;30.20691;49.55194
Білоцерківський;ТЕРЕЗИНЕ;30.11044;49.85716
Білоцерківський;УЗИН;30.41943;49.82832
Білоцерківський;СТЕПОК;30.52157;50.04238
Білоцерківський;ВОЛОДИМИРІВКА;30.05585;49.86179
Білоцерківський;ГАЙОК;30.05842;49.88651
Білоцерківський;ВОЛОДИМИРІВКА;30.05533;49.85184
Білоцерківський;ГАЙОК;30.07439;49.90179
Білоцерківський;ВІЛЬНА ТАРАСІВКА;30.08658;49.87467
Білоцерківський;ГЛУШКИ;30.22339;49.88428
Білоцерківський;ПІЩАНА;30.22579;49.82935
Білоцерківський;ПІЩАНА;30.24193;49.82626
Білоцерківський;ХРАПАЧІ;30.23146;49.86952
Білоцерківський;СКРЕБИШІ;30.25618;49.86677
Білоцерківський;ОЛІЙНИКОВА СЛОБОДА;30.31660;49.88171
Білоцерківський;МАЛА АНТОНІВКА;30.35608;49.85441
Білоцерківський;ПАВЛІВКА;30.36141;49.94539
Білоцерківський;ІВАНІВКА;30.40140;49.87020
Білоцерківський;ЙОСИПІВКА;30.38630;49.94350
Білоцерківський;МАКІЇВКА;30.42286;49.97440
Білоцерківський;КРАСНЕ;30.42303;49.91861
Білоцерківський;ЗАТИША;30.44415;49.93011
Білоцерківський;МИХАЙЛІВКА;30.47402;49.86694
Білоцерківський;ВАСИЛІВ;30.46217;49.95947
Білоцерківський;МИХАЙЛІВКА;30.49084;49.89218
Білоцерківський;ЛЮДВИНІВКА;30.51470;49.93200
Білоцерківський;ВЕРБОВА;30.52397;49.84651
Білоцерківський;РОЗАЛІЇВКА;30.53770;49.89458
Білоцерківський;ТАРАСІВКА;30.72361;49.91020
Богуславський;БОГУСЛАВ;30.87330;49.54731
Богуславський;САВАРКА;30.65838;49.58713
Богуславський;КРАСНОГОРОДКА;30.66336;49.38887
Богуславський;ЗАКУТИНЦІ;30.67829;49.40740
Богуславський;КРАСНОГОРОДКА;30.68018;49.38629
Богуславський;СОФІЙКА;30.68842;49.40311
Богуславський;БРАНЕ ПОЛЕ;30.71795;49.44929
Богуславський;МИТАЇВКА;30.71348;49.36037
Богуславський;ЛЮТАРІ;30.74764;49.56447
Богуславський;МЕДВИН;30.78507;49.39007
Богуславський;БОРОДАНІ;30.74198;49.54834
Богуславський;ЧАЙКИ;30.76223;49.54130
Богуславський;ДИБИНЦІ;30.77854;49.52448
Богуславський;ДІБРІВКА;30.77168;49.44637
Богуславський;ІСАЙКИ;30.81511;49.48311
Богуславський;МИСАЙЛІВКА;30.80738;49.57048
Богуславський;РОЗКОПАНЦІ;30.82987;49.53821
Богуславський;ГУТА;30.82987;49.42715
Богуславський;ЯЦЮКИ;30.85974;49.48860
Богуславський;ДМИТРЕНКИ;30.86420;49.42148
Богуславський;ЩЕРБАШИНЦІ;30.88875;49.37307
Богуславський;ТУНИКИ;30.86454;49.57769
Богуславський;ІВКИ;30.87467;49.51881
Богуславський;КОРЯКІВКА;30.91278;49.40723
Богуславський;ХОХІТВА;30.90832;49.51555
Богуславський;ШУПИКИ;30.90866;49.59263
Богуславський;КИДАНІВКА;30.95364;49.44174
Богуславський;ПОТАШНЯ;30.92497;49.50748
Богуславський;ДЕШКИ;30.94832;49.53100
Богуславський;ТЕПТІЇВКА;30.94900;49.54679
Богуславський;КАРАНДИНЦІ;30.94162;49.58559
Богуславський;КАЛИНІВКА;30.97561;49.53272
Богуславський;ПОЛОВЕЦЬКЕ;31.01046;49.52894
Богуславський;МОСКАЛЕНКИ;31.03586;49.49032
Богуславський;МИХАЙЛІВКА;31.09268;49.59074
Богуславський;ІВАНІВКА;31.09921;49.55212
Богуславський;ОЛЕКСІЇВКА;31.13079;49.59881
Богуславський;СЕМИГОРИ;30.99690;49.57323
Богуславський;ВІЛЬХОВЕЦЬ;31.00720;49.55006
Богуславський;БІЇВЦІ;30.97595;49.48877
Богуславський;СИНИЦЯ;30.69683;49.57392
Бориспільський;ВИШЕНЬКИ;30.73219;50.30022
Бориспільський;ПРОЦІВ;30.78610;50.23516
Бориспільський;ЖОВТНЕВЕ;30.84515;50.20409
Бориспільський;ПЕТРОВСЬКЕ;30.82626;50.32253
Бориспільський;РЕВНЕ;30.83519;50.28648
Бориспільський;МАРТУСІВКА;30.86008;50.30914
Бориспільський;КИЙЛІВ;30.88944;50.14967
Бориспільський;ЛЕНІНІВКА;30.87313;50.28065
Бориспільський;ВОРОНЬКІВ;30.90008;50.21490
Бориспільський;ГЛИБОКЕ;30.93990;50.26279
Бориспільський;СТАРЕ;31.07346;50.13971
Бориспільський;ІВАНКІВ;31.06281;50.31669
Бориспільський;РОГОЗІВ;31.05028;50.23584
Бориспільський;СОШНИКІВ;31.12427;50.10641
Бориспільський;КИРИЇВЩИНА;31.09594;50.27275
Бориспільський;;31.12049;50.23704
Бориспільський;ВАСИЛЬКИ;31.10985;50.18915
Бориспільський;ЛЮБАРЦІ;31.15877;50.25919
Бориспільський;ТАРАСІВКА;31.17148;50.19636
Бориспільський;МИРНЕ;31.17336;50.17885
Бориспільський;;31.04221;50.07757
Бориспільський;ГОРОДИЩЕ;30.99827;50.26811
Бориспільський;ГОЛОВУРІВ;30.98316;50.18349
Бориспільський;ГНІДИН;30.71400;50.32923
Бориспільський;ГНІДИН;30.71932;50.34674
Бориспільський;ПРОЛІСКИ;30.78644;50.39343
Бориспільський;ЩАСЛИВЕ;30.78936;50.37901
Бориспільський;МАЛА ОЛЕКСАНДРІВКА;30.82455;50.39532
Бориспільський;БЕЗУГЛІВКА;30.84377;50.40441
Бориспільський;ЧУБИНСЬКЕ;30.85322;50.38330
Бориспільський;ВЕЛИКА ОЛЕКСАНДРІВКА;30.86815;50.39291
Бориспільський;ГОРА;30.86163;50.37094
Бориспільський;ДУДАРКІВ;30.94540;50.44544
Бориспільський;ПЕРЕГУДИ;31.00891;50.44527
Бориспільський;ГОРОБІЇВКА;31.02402;50.42072
Бориспільський;ПЕРЕГУДИ;31.04548;50.44973
Бориспільський;ВЕЛИКА СТАРИЦЯ;31.08770;50.44836
Бориспільський;СЕНЬКІВКА;31.08376;50.43531
Бориспільський;АРТЕМІВКА;31.07466;50.37197
Бориспільський;АНДРІЇВКА;31.07191;50.40510
Бориспільський;КІРОВЕ;31.12616;50.37575
Бориспільський;ЛЕБЕДИН;31.14281;50.35892
Бориспільський;ГРИГОРІВКА;31.15002;50.43171
Бориспільський;МАЛА СТАРИЦЯ;31.16478;50.41866
Бориспільський;ЗАЙМИЩЕ;30.99072;50.46896
Бориспільський;МАЛІ ЄРКІВЦІ;31.24992;50.16598
Бориспільський;СУЛИМІВКА;31.18504;50.38965
Бориспільський;СУЛИМІВКА;31.19070;50.39738
Бородянський;ПІСКІВКА;29.59150;50.70087
Бородянський;БОРОДЯНКА;29.91800;50.64011
Бородянський;БАБИНЦІ;30.02203;50.63925
Бородянський;КЛАВДІЄВО-ТАРАСОВЕ;30.01619;50.59702
Бородянський;МИГАЛКИ;29.55597;50.67650
Бородянський;РАСКА;29.59700;50.75941
Бородянський;;29.59889;50.77572
Бородянський;ПОТАШНЯ;29.75802;50.69624
Бородянський;БОНДАРНЯ;29.77243;50.69332
Бородянський;ТОРФ'ЯНЕ;29.81003;50.68937
Бородянський;МИРЧА;29.83063;50.74791
Бородянський;КАЧАЛИ;29.84402;50.69521
Бородянський;СТАРА БУДА;29.84951;50.71632
Бородянський;ГАЛИНКА;29.83252;50.67873
Бородянський;ТАЛЬСЬКЕ;29.84058;50.77228
Бородянський;ТАЛЬСЬКЕ;29.85741;50.78979
Бородянський;КОБЛИЦЯ;29.89105;50.77795
Бородянський;ВЕЛИКИЙ ЛІС;29.92247;50.74413
Бородянський;КОБЛИЦЬКИЙ ЛІС;29.91114;50.77263
Бородянський;МИХАЙЛЕНКІВ;29.94770;50.72285
Бородянський;НЕБРАТ;29.94667;50.69555
Бородянський;НОВЕ ЗАЛІССЯ;29.96864;50.69075
Бородянський;РУДНЯ-МИГАЛЬСЬКА;29.58103;50.66105
Бородянський;ЯЗВИНКА;29.67115;50.61333
Бородянський;МАЙДАНІВКА;29.71665;50.62637
Бородянський;ВИШНЯКИ;29.74789;50.62723
Бородянський;ОЗЕРЩИНА;29.77226;50.58105
Бородянський;ЖОВТНЕВЕ;29.78291;50.60388
Бородянський;НОВИЙ КОРОГОД;29.79441;50.59307
Бородянський;ГАЙ;29.84367;50.65075
Бородянський;ДРУЖНЯ;29.87183;50.62792
Бородянський;ВАБЛЯ;29.86084;50.58946
Бородянський;ВОЛИЦЯ;29.86239;50.66242
Бородянський;НОВА ГРЕБЛЯ;29.88436;50.58174
Бородянський;ПИЛИПОВИЧІ;29.95440;50.60903
Бородянський;ПОРОСКОТЕНЬ;29.95560;50.56681
Бородянський;ПИЛИПОВИЧІ;29.95216;50.61642
Бородянський;КРАСНИЙ РІГ;30.03319;50.76542
Бородянський;ДІБРОВО-ЛЕНІНСЬКЕ;30.03216;50.53367
Бородянський;НЕМІШАЄВЕ;30.10134;50.56818
Бородянський;КОЗИНЦІ;30.05585;50.51239
Бородянський;МИКУЛИЧІ;30.07027;50.57556
Бородянський;ЗДВИЖІВКА;30.06855;50.67203
Бородянський;БУДА-БАБИНЕЦЬКА;30.05550;50.62019
Бородянський;;30.09001;50.54071
Бородянський;БЛИСТАВИЦЯ;30.16382;50.60028
Бородянський;ЛУБ'ЯНКА;30.18597;50.64011
Бородянський;ОЗЕРА;30.20897;50.62551
Бородянський;ЛУБ'ЯНКА;30.16983;50.65418
Бородянський;ШИБЕНЕ;29.99920;50.72868
Бородянський;БЕРЕСТЯНКА;29.98821;50.69160
Бородянський;НОВА БУДА;29.76368;50.66500
Бородянський;ЗАГАЛЬЦІ;29.81243;50.66757
Броварський;КАЛИТА;31.03912;50.74585
Броварський;РОЖНИ;30.71125;50.67427
Броварський;РОЖНИ;30.71932;50.67650
Броварський;ЛІТКИ;30.74610;50.70259
Броварський;СОБОЛІВКА;30.76000;50.73435
Броварський;ЛІТОЧКИ;30.76962;50.75683
Броварський;СЕМИПОЛКИ;30.93681;50.71958
Броварський;ОПАНАСІВ;31.09371;50.76713
Броварський;ЗАВОРИЧІ;31.13268;50.70534
Броварський;МОКРЕЦЬ;31.16530;50.68714
Броварський;ПОГРЕБИ;30.64138;50.54947
Броварський;ЗАЗИМ'Я;30.68344;50.56818
Броварський;ПУХІВКА;30.71262;50.60543
Броварський;КНЯЖИЧІ;30.77940;50.46226
Броварський;КАЛИНІВКА;30.83210;50.53865
Броварський;РОЖІВКА;30.76309;50.60303
Броварський;ПЕРЕМОГА;30.82335;50.53934
Броварський;ДИМИТРОВЕ;30.84601;50.53333
Броварський;СКИБИН;30.83399;50.57968
Броварський;ТРЕБУХІВ;30.89768;50.48355
Броварський;ВЕЛИКА ДИМЕРКА;30.91038;50.59273
Броварський;БОГДАНІВКА;30.90866;50.62672
Броварський;ЗАЛІССЯ;30.87038;50.63015
Броварський;КРАСИЛІВКА;30.90952;50.51960
Броварський;ЗОРЯ;30.94711;50.55307
Броварський;ПЕРЕМОЖЕЦЬ;30.95364;50.48939
Броварський;ПЕРЕМОЖЕЦЬ;30.95741;50.47892
Броварський;ВІЛЬНЕ;31.00411;50.60938
Броварський;ЗАХАРІВКА;31.01938;50.60371
Броварський;ЖЕРДОВА;31.04462;50.59753
Броварський;ФРУНЗІВКА;31.05354;50.66414
Броварський;ШЕВЧЕНКОВЕ;31.04513;50.64577
Броварський;БОБРИК;31.08307;50.65109
Броварський;ПЕРШОТРАВНЕВЕ;31.06968;50.57436
Броварський;ПЛОСКЕ;31.10006;50.53779
Броварський;МИХАЙЛІВКА;31.07328;50.61848
Броварський;КУЙБИШЕВЕ;31.07672;50.58740
Броварський;ГРЕБЕЛЬКИ;31.10470;50.59976
Броварський;СВІТИЛЬНЯ;31.14882;50.56990
Броварський;РУСАНІВ;31.15843;50.50123
Броварський;РУДНЯ;31.00239;50.65847
Броварський;МАЛА ТАРАСІВКА;31.00445;50.62328
Броварський;ПІДЛІССЯ;31.00702;50.57402
Броварський;ГОГОЛІВ;30.97389;50.51926
Броварський;РОЖНИ;30.70696;50.66671
Броварський;ПЕРШЕ ТРАВНЯ;31.18366;50.46226
Броварський;РУСАНІВ;31.18761;50.48836
Броварський;БЕРВИЦЯ;31.19207;50.63993
Броварський;КУЛАЖИНЦІ;31.20924;50.55033
Васильківський;ПЕРЕВІЗ;30.00332;50.24254
Васильківський;КОВАЛІВКА;30.01345;49.98281
Васильківський;УСТИМІВКА;30.02152;49.95809
Васильківський;КАЛИНІВКА;30.22682;50.22589
Васильківський;ГРЕБІНКИ;30.17653;49.95363
Васильківський;ДОСЛІДНИЦЬКЕ;30.14855;49.92462
Васильківський;ГЛЕВАХА;30.30888;50.25747
Васильківський;ЗЕЛЕНИЙ БІР;30.37256;50.24992
Васильківський;ПЛЕСЕЦЬКЕ;30.10855;50.22074
Васильківський;ДЗВІНКОВЕ;30.05842;50.27807
Васильківський;МАЛА СОЛТАНІВКА;30.14219;50.17095
Васильківський;МАЛА СОЛТАНІВКА;30.13001;50.15808
Васильківський;МАР'ЯНІВКА;30.16932;50.06624
Васильківський;ВЕЛИКА СОЛТАНІВКА;30.20228;50.17233
Васильківський;СКРИПКИ;30.14786;50.18675
Васильківський;КСАВЕРІВКА ДРУГА;30.16794;50.02899
Васильківський;ХЛЕПЧА;30.18047;50.18829
Васильківський;ПОРАДІВКА;30.17567;50.13388
Васильківський;РУЛИКІВ;30.19678;50.13800
Васильківський;КСАВЕРІВКА;30.20845;50.04667
Васильківський;ПШЕНИЧНЕ;30.20485;50.09302
Васильківський;ДІБРОВА;30.20931;50.20306
Васильківський;БАГРИН;30.21292;50.21713
Васильківський;ВАРОВИЧІ;30.21326;50.26863
Васильківський;ЛИПОВИЙ СКИТОК;30.20451;50.27618
Васильківський;ДАНИЛІВКА;30.21755;50.25352
Васильківський;КОЖУХІВКА;30.23317;50.25352
Васильківський;МИТНИЦЯ;30.24279;50.12873
Васильківський;ЗОЗУЛІ;30.24519;50.16855
Васильківський;ЗДОРІВКА;30.24914;50.19173
Васильківський;ЗАСТУГНА;30.28227;50.17319
Васильківський;ПУТРІВКА;30.26733;50.20769
Васильківський;БЕЗП'ЯТНЕ;30.25978;50.16083
Васильківський;КОДАКИ;30.26768;50.09972
Васильківський;ЧЕРВОНЕ ПОЛЕ;30.28639;50.03792
Васильківський;ЧЕРВОНЕ;30.27901;50.16718
Васильківський;ШЕВЧЕНКІВКА;30.30476;50.02453
Васильківський;КУЛІБАБА;30.29926;50.13096
Васильківський;КОБЦІ;30.30184;50.21627
Васильківський;КРЯЧКИ;30.29411;50.21421
Васильківський;БЕРЕЗЕНЩИНА;30.29978;50.20460
Васильківський;ЧЕРВОНЕ;30.34990;50.01509
Васильківський;БАРАХТИ;30.36329;50.11808
Васильківський;БОРИСІВ;30.33926;50.21421
Васильківський;ЗАЛІЗНЕ;30.35299;50.20065
Васильківський;ТРОСТИНКА;30.36089;50.05920
Васильківський;КРУШИНКА;30.36364;50.23344
Васильківський;МАРХАЛІВКА;30.37205;50.27412
Васильківський;;30.35917;50.27859
Васильківський;ДЕРЕВ'ЯНКИ;30.38750;50.20443
Васильківський;ЗАРІЧЧЯ;30.41411;50.14812
Васильківський;ВЕЛИКА ВІЛЬШАНКА;30.43436;50.06830
Васильківський;ПОГРЕБИ;30.41205;50.13714
Васильківський;ІВАНКОВИЧІ;30.42646;50.27670
Васильківський;МАЛА БУГАЇВКА;30.41393;50.19653
Васильківський;РОСЛАВИЧІ;30.44792;50.24872
Васильківський;ВЕЛИКА БУГАЇВКА;30.45204;50.17816
Васильківський;ЛУБ'ЯНКА;30.44363;50.13800
Васильківський;ВЕЛИКА БУГАЇВКА;30.44724;50.15533
Васильківський;ГВОЗДІВ;30.48637;50.24477
Васильківський;САЛИВОНКИ;30.19318;49.93406
Васильківський;СОКОЛІВКА;30.20348;49.90917
Васильківський;САЛИВОНКИ;30.22150;49.94488
Васильківський;ЛОСЯТИН;30.25515;49.91054
Васильківський;ВІЛЬШАНСЬКА НОВОСЕЛИЦЯ;30.32398;49.98127
Васильківський;ПЕТРІВКА;30.31849;49.94179
Васильківський;ЛОСЯТИН;30.32690;49.92685
Васильківський;ЛОСЯТИН;30.35231;49.91449
Васильківський;СТЕПАНІВКА;30.34287;49.98110
Васильківський;ТРОСТИНСЬКА НОВОСЕЛИЦЯ;30.28227;49.99226
Васильківський;ПІНЧУКИ;30.22099;50.00049
Васильківський;ВІННИЦЬКІ СТАВИ;30.11919;50.00599
Васильківський;ЯЦЬКИ;30.42217;50.00599
Васильківський;ПОЛОГИ;30.11404;49.91552
Васильківський;БОБРИЦЯ;30.19335;50.35326
Вишгородський;ДИМЕР;30.31385;50.78396
Вишгородський;ВИШГОРОД;30.49496;50.58758
Вишгородський;САВЕНКИ;30.08022;50.71684
Вишгородський;АБРАМІВКА;30.09035;50.74860
Вишгородський;ДУДКИ;30.09087;50.77726
Вишгородський;ГУТА-КАТЮЖАНСЬКА;30.11524;50.83425
Вишгородський;КАТЮЖАНКА;30.13292;50.80387
Вишгородський;ЛІСОВИЧІ;30.19455;50.75048
Вишгородський;ГАВРИЛІВКА;30.21429;50.68027
Вишгородський;ТАРАСІВЩИНА;30.21240;50.71134
Вишгородський;МИКОЛАЇВКА;30.20416;50.73435
Вишгородський;ЛИТВИНІВКА;30.24759;50.73177
Вишгородський;РИКУНЬ;30.25326;50.76353
Вишгородський;СИНЯК;30.26699;50.68268
Вишгородський;КАМЕНКА;30.28570;50.83099
Вишгородський;ГУТА-МЕЖИГІРСЬКА;30.31162;50.67427
Вишгородський;ДЕМИДІВ;30.32724;50.72731
Вишгородський;ГЛІБІВКА;30.37651;50.80799
Вишгородський;ГЛІБІВКА;30.36055;50.79254
Вишгородський;КОЗАРОВИЧІ;30.35643;50.75769
Вишгородський;ЛЮТІЖ;30.39539;50.68628
Вишгородський;ЛЕБЕДІВКА;30.54440;50.71529
Вишгородський;НИЖЧА ДУБЕЧНЯ;30.63572;50.68508
Вишгородський;ВИЩА ДУБЕЧНЯ;30.64533;50.73521
Вишгородський;ВИЩА ДУБЕЧНЯ;30.66662;50.72645
Вишгородський;ВОРОПАЇВ;30.66370;50.77246
Вишгородський;ПІРНОВЕ;30.67228;50.75100
Вишгородський;ЖУКИН;30.69065;50.81091
Вишгородський;БОДЕНЬКИ;30.72619;50.83254
Вишгородський;РАКІВКА;30.25549;50.64989
Вишгородський;СТАРІ ПЕТРІВЦІ;30.43058;50.63993
Вишгородський;НОВІ ПЕТРІВЦІ;30.45633;50.61109
Вишгородський;ОСЕЩИНА;30.53255;50.57590
Вишгородський;ХОТЯНІВКА;30.55641;50.60594
Вишгородський;ОСЕЩИНА;30.54663;50.57573
Вишгородський;НОВОСІЛКИ;30.60808;50.61418
Вишгородський;ВОРОНЬКІВКА;30.22699;50.66053
Вишгородський;ЧЕРВОНЕ;30.27540;50.67015
Вишгородський;ЛЮБИДВА;30.07748;50.99750
Вишгородський;РУДНЯ-ДИМЕРСЬКА;30.10134;50.86944
Вишгородський;ВАХІВКА;30.09687;50.94086
Вишгородський;;30.12434;50.88180
Вишгородський;ВОЛОДИМИРІВКА;30.13395;50.89056
Вишгородський;РИХТА;30.15610;50.97742
Вишгородський;;30.19232;50.87374
Вишгородський;РИТНІ;30.19833;51.02669
Вишгородський;ЛЮБИМІВКА;30.21532;50.92489
Вишгородський;АНДРІЇВКА;30.22356;50.90910
Вишгородський;БОГДАНИ;30.24588;51.02995
Вишгородський;ОВДІЄВА НИВА;30.23300;50.97175
Вишгородський;ЛЮБИМІВКА;30.25807;50.92180
Вишгородський;ФЕДОРІВКА;30.27489;50.88146
Вишгородський;РОЗТІСНЕ;30.28536;50.86464
Вишгородський;СИЧІВКА;30.31197;50.94927
Вишгородський;РОВИ;30.30699;50.87974
Вишгородський;КРУГИ;30.31042;50.85142
Вишгородський;ПИЛЯВА;30.30939;51.03355
Вишгородський;ПЕТРІВСЬКЕ;30.34870;50.91768
Вишгородський;ЯСНОГОРОДКА;30.39385;50.85657
Вишгородський;ЯСНОГОРОДКА;30.40604;50.84558
Вишгородський;ЯСНОГОРОДКА;30.42011;50.85949
Вишгородський;ТОЛОКУНЬ;30.43110;50.88987
Вишгородський;СУХОЛУЧЧЯ;30.43711;50.94257
Вишгородський;РОВЖІ;30.60156;50.85468
Вишгородський;СУВИД;30.73099;50.86944
Вишгородський;СУВИД;30.76206;50.86103
Володарський;ВОЛОДАРКА;29.92745;49.52276
Володарський;ВЕСНЯНКА;29.85535;49.65254
Володарський;КОРЖИХА;29.56215;49.51830
Володарський;ЧЕПІЖИНЦІ;29.59459;49.54885
Володарський;КАПУСТИНЦІ;29.59700;49.52499
Володарський;МАРМУЛІЇВКА;29.60198;49.50148
Володарський;КЛЕНОВЕ;29.65948;49.50971
Володарський;ВОЛОДИМИРІВКА;29.64901;49.54765
Володарський;РУДЕ СЕЛО;29.71047;49.50062
Володарський;РУБЧЕНКИ;29.71596;49.56207
Володарський;КОСІВКА;29.75252;49.47092
Володарський;ШЕВЧЕНКОВЕ;29.78050;49.45221
Володарський;РОГІЗНА;29.78926;49.55023
Володарський;БІЛІЇВКА;29.79235;49.59314
Володарський;ГОРОДИЩЕ КОСІВСЬКЕ;29.80728;49.47521
Володарський;ГАЙВОРОН;29.82840;49.60138
Володарський;ГАЙВОРОН;29.83955;49.57409
Володарський;ПЕТРАШІВКА;29.83561;49.58731
Володарський;ЗРАЙКИ;29.82891;49.46440
Володарський;ДРУЖБА;29.84419;49.53941
Володарський;ЛОБАЧІВ;29.88985;49.43384
Володарський;РАЧКИ;29.90118;49.49839
Володарський;БЕРЕЗНА;29.90444;49.58044
Володарський;НОВЕ ЖИТТЯ;29.93277;49.40758
Володарський;ЛОГВИН;29.93586;49.55212
Володарський;МИХАЙЛІВКА;29.93483;49.59108
Володарський;НАДРОСІВКА;29.94770;49.52808
Володарський;РАТУШ;29.94444;49.50954
Володарський;;29.95285;49.63657
Володарський;ГОРОДИЩЕ-ПУСТОВАРІВСЬКЕ;29.94015;49.63657
Володарський;ПАРХОМІВКА;30.04246;49.54868
Володарський;ГАЙОК;30.02409;49.61374
Володарський;ТАРАСІВКА;30.04314;49.60550
Володарський;ЗАВАДІВКА;29.85998;49.50508
Володарський;ТАРГАН;29.99559;49.54611
Володарський;ЛИХАЧИХА;29.99834;49.48791
Володарський;МАТВІЇХА;29.98959;49.47744
Володарський;ОЖЕГІВКА;30.05035;49.52448
Володарський;ТАДІЇВКА;30.07799;49.58456
Згурівський;ЗГУРІВКА;31.77023;50.49419
Згурівський;ПЕТРІВСЬКЕ;32.23217;50.62277
Згурівський;ВЕЛИКИЙ КРУПІЛЬ;31.50604;50.49265
Згурівський;МАЛИЙ КРУПІЛЬ;31.53076;50.49454
Згурівський;ВОЙКОВЕ;31.57145;50.47068
Згурівський;СОФІЇВКА;31.61299;50.51737
Згурівський;СТАРЕ;31.62535;50.42982
Згурівський;МАЛА СУПОЇВКА;31.66706;50.34107
Згурівський;ЖУКІВКА;31.64303;50.37163
Згурівський;НОВА ОЛЕКСАНДРІВКА;31.66226;50.44458
Згурівський;УСІВКА;31.67650;50.51754
Згурівський;МАЛА БЕРЕЗАНКА;31.69624;50.39308
Згурівський;МАЛА БЕРЕЗАНКА;31.71307;50.38896
Згурівський;ЛЕВЧЕНКОВЕ;31.70294;50.40802
Згурівський;ВІЛЬНЕ;31.72096;50.44990
Згурівський;ШЕВЧЕНКОВЕ;31.72010;50.33626
Згурівський;КРАСНЕ;31.71478;50.53728
Згурівський;ЧЕРЕВКИ;31.75049;50.46347
Згурівський;БЕЗУГЛІВКА;31.75787;50.41626
Згурівський;БЕЗУГЛІВКА;31.76268;50.42982
Згурівський;СВОБОДА;31.77126;50.43411
Згурівський;ОЛЕКСАНДРИНІВКА;31.79461;50.55651
Згурівський;ОЛЕКСІЇВКА;31.81486;50.60303
Згурівський;ВОЛОДИМИРСЬКЕ;31.84095;50.44681
Згурівський;АРКАДІЇВКА;31.86653;50.55685
Згурівський;ЛЕНІНЕ;31.85537;50.49059
Згурівський;МАЙСЬКЕ;31.86379;50.40991
Згурівський;СЕРЕДІВКА;31.86224;50.58466
Згурівський;ПАСКІВЩИНА;31.92129;50.50569
Згурівський;ЛИЗОГУБОВА СЛОБОДА;31.91219;50.40922
Згурівський;ТЕРЛЕЩИНА;31.92318;50.53934
Згурівський;СТАРА ОРЖИЦЯ;31.90619;50.46570
Згурівський;ПРАВО ЖОВТНЯ;31.96455;50.41540
Згурівський;ВИШНЕВЕ;31.96421;50.38793
Згурівський;НОВА ОРЖИЦЯ;31.93897;50.38296
Згурівський;ВІЛЬНЕ;31.96163;50.49059
Згурівський;ТУРІВКА;31.97760;50.51496
Згурівський;ІЛЛІНСЬКЕ;31.97296;50.53402
Згурівський;ЗЕЛЕНЕ;32.02257;50.35738
Згурівський;ГОРБАЧІВКА;32.01570;50.44338
Згурівський;ЖОВТНЕВЕ;32.03647;50.41471
Згурівський;ГРЕЧАНА ГРЕБЛЯ;32.05845;50.39188
Згурівський;ГРЕЧАНА ГРЕБЛЯ;32.07493;50.39223
Згурівський;ПАЙКИ;32.00317;50.45351
Іванківський;ЗАРУДДЯ;29.52747;50.79065
Іванківський;КІРОВЕ;29.52507;50.83357
Іванківський;КУХАРІ;29.57399;50.79855
Іванківський;КУХАРІ;29.59356;50.81692
Іванківський;ЯХНІВКА;29.63837;50.81674
Іванківський;БЛІДЧА;29.79939;50.83666
Іванківський;ЛЕОНІВКА;29.91526;50.80988
Іванківський;СОСНІВКА;30.03388;50.79494
Іванківський;СОСНІВКА;30.00383;50.80267
Іванківський;ІВАНКІВ;29.90341;50.93347
Іванківський;СТАРА КРАСНИЦЯ;29.84539;51.34477
Іванківський;РАХВАЛІВКА;29.43237;50.97914
Іванківський;ЛЮДВИНІВКА;29.45709;50.94995
Іванківський;ВАРІВСЬК;29.48301;50.95287
Іванківський;КРОПИВНЯ;29.51546;50.92283
Іванківський;ЗАХАРІВКА;29.50070;50.89605
Іванківський;ВЕРХОЛІССЯ;29.49074;51.02033
Іванківський;ОЛИЗАРІВКА;29.52318;50.97090
Іванківський;ЖМІЇВКА;29.52198;51.01089
Іванківський;СЛОБОДА-КУХАРСЬКА;29.54756;50.84112
Іванківський;ОЛИВА;29.54807;50.88129
Іванківський;ОСОВЕЦЬ;29.56112;50.86069
Іванківський;БУДА-ПОЛІДАРІВСЬКА;29.56387;51.01810
Іванківський;РУДНЯ-СИДОРІВСЬКА;29.57485;50.95219
Іванківський;МОКРА КОРМА;29.56833;50.92111
Іванківський;СИДОРОВИЧІ;29.59133;50.98755
Іванківський;СТАРОВИЧІ;29.61107;50.89743
Іванківський;ПОЛІДАРІВКА;29.62017;51.01450
Іванківський;ЖЕРЕВПІЛЛЯ;29.65691;50.91476
Іванківський;ПІДГАЙНЕ;29.63682;50.85194
Іванківський;ПІДГАЙНЕ;29.66549;50.83923
Іванківський;РОЗВАЖІВ;29.65227;50.92729
Іванківський;ЧКАЛОВКА;29.66583;50.98085
Іванківський;ШЕВЧЕНКОВЕ;29.68025;50.95270
Іванківський;ТЕРМАХІВКА;29.69862;51.01707
Іванківський;ЖЕРЕВА;29.71630;50.88867
Іванківський;СТАВРІВКА;29.71579;50.92386
Іванківський;ТЕТЕРІВСЬКЕ;29.72488;50.85640
Іванківський;ТЕРМАХІВКА;29.73501;51.05535
Іванківський;ПЕТРІВСЬКЕ;29.73896;51.11286
Іванківський;СТАНИШІВКА;29.75355;50.95631
Іванківський;ОБУХОВИЧІ;29.77141;50.98549
Іванківський;МУСІЙКИ;29.77484;51.05020
Іванківський;РУДНЯ-ЛЕВКІВСЬКА;29.76299;51.09878
Іванківський;ДИМАРКА;29.77072;51.10462
Іванківський;ПОТАЛІЇВКА;29.81484;51.06977
Іванківський;ОБУХОВИЧІ;29.81552;51.01107
Іванківський;ШЕВЧЕНКОВЕ;29.82651;51.12471
Іванківський;ЗАПРУДКА;29.84676;50.91871
Іванківський;РУДНЯ ІЛЛІНЕЦЬКА;29.81672;51.28418
Іванківський;КОЛЕНЦІВСЬКЕ;29.84213;50.87511
Іванківський;КОЛЕНЦІ;29.87063;50.87477
Іванківський;МАКАРІВКА;29.86153;51.01416
Іванківський;БОЛОТНЯ;29.87766;50.96369
Іванківський;ІЛЛІНЦІ;29.85792;51.29637
Іванківський;МАКАРІВКА;29.86771;51.03664
Іванківський;КРАСИЛІВКА;29.86479;51.11509
Іванківський;НОВІ СОКОЛИ;29.87406;51.13603
Іванківський;БИЧКИ;29.87732;51.21448
Іванківський;МАЛА МАКАРІВКА;29.89895;51.03252
Іванківський;НОВІ МАКАЛЕВИЧІ;29.91354;51.07784
Іванківський;ЗАМОШНЯ;29.89981;51.23371
Іванківський;ЧОРНОБИЛЬ;30.21927;51.26976
Іванківський;;30.34664;51.07939
Іванківський;;30.34578;51.08145
Іванківський;ФЕНЕВИЧІ;30.07473;50.84267
Іванківський;НОВОСІЛКИ;30.05430;51.21551
Іванківський;ТЕРЕХІВ;30.04950;51.13174
Іванківський;ІЛОВНИЦЯ;30.06357;51.17998
Іванківський;ХОЧЕВА;30.08864;51.03973
Іванківський;АНДРІЇВКА;30.08967;51.13037
Іванківський;РУДНЯ ВЕРЕСНА;30.10134;51.18685
Іванківський;ОРАНЕ;30.11971;51.05329
Іванківський;ЗАПІЛЛЯ;30.11593;51.25534
Іванківський;ЧЕРЕВАЧ;30.13739;51.21878
Іванківський;ДИТЯТКИ;30.14494;51.11252
Іванківський;ЗАЛІССЯ;30.17979;51.25311
Іванківський;ФРУЗИНІВКА;30.17790;51.04643
Іванківський;ЯМПІЛЬ;30.17876;51.20779
Іванківський;ЛЕЛІВ;30.18133;51.31061
Іванківський;ЗОРИН;30.20090;51.05896
Іванківський;ГОРНОСТАЙПІЛЬ;30.25223;51.07046
Іванківський;КАМЕНКА;30.24382;51.17380
Іванківський;КОШІВКА;30.24021;51.32074
Іванківський;ЛАПУТЬКИ;30.26579;51.05192
Іванківський;ІВАНІВКА;30.25206;51.24847
Іванківський;ГУБИН;30.28021;51.11509
Іванківський;ПЛЮТОВИЩЕ;30.30167;51.21878
Іванківський;ОПАЧИЧІ;30.31935;51.20298
Іванківський;МЕДВИН;30.33686;51.08780
Іванківський;ПАРШІЇВ;30.32106;51.28693
Іванківський;КУПУВАТЕ;30.36141;51.15681
Іванківський;ОПАЧИЧІ;30.35402;51.20899
Іванківський;СТРАХОЛІССЯ;30.39368;51.07733
Іванківський;ОТАШІВ;30.38664;51.19938
Іванківський;ЛАДИЖИЧІ;30.40072;51.25311
Іванківський;ГОРОДИЩЕ;30.39333;51.13895
Іванківський;ЛАДИЖИЧІ;30.42166;51.24744
Іванківський;ЛАДИЖИЧІ;30.42200;51.25894
Іванківський;;30.44518;51.29551
Іванківський;ЗАГЛИБ'Я;30.46217;51.26289
Іванківський;ТЕРЕМЦІ;30.50200;51.23526
Іванківський;СУКАЧІ;29.93157;50.96094
Іванківський;СТАРІ СОКОЛИ;29.91457;51.12865
Іванківський;ФЕДОРІВКА;29.91646;50.99029
Іванківський;РОЗ'ЇЖДЖЕ;29.90805;51.28263
Іванківський;СТЕЧАНКА;29.92144;51.30323
Іванківський;ЗИМОВИЩЕ;29.96058;50.84885
Іванківський;РУСАКИ;29.95440;51.02068
Іванківський;ГЛІНКА;29.91251;51.23526
Іванківський;ПОТОКИ;29.95783;51.12882
Іванківський;ШПИЛІ;29.94873;50.91493
Іванківський;РОКИТНА СЛОБОДА;29.96281;50.93038
Іванківський;ПИРОГОВИЧІ;29.97860;50.98411
Іванківський;РУДНЯ-ТАЛЬСЬКА;29.98495;50.85657
Іванківський;БІЛИЙ БЕРЕГ;29.97603;50.94618
Іванківський;КОВАЛІВКА;29.97688;51.10668
Іванківський;РУДНЯ-ШПИЛІВСЬКА;29.98478;50.88644
Іванківський;ДОМАНІВКА;29.97980;51.07715
Іванківський;РОЗСОХА;29.97002;51.16247
Іванківський;ВОРОПАЇВКА;30.01259;50.97519
Іванківський;КАРПИЛІВКА;30.01877;51.11647
Іванківський;СТЕПАНІВКА;30.04486;51.06480
Іванківський;ПІСКИ;30.03336;51.09054
Іванківський;КОРОГОД;30.00830;51.27457
Іванківський;ПРИБІРСЬК;30.03113;51.01467
Іванківський;КРАСНЕ;29.75269;51.40228
Іванківський;БУДА;29.77192;51.39267
Іванківський;ТОВСТИЙ ЛІС;29.80419;51.38580
Іванківський;РУДЬКИ;29.79818;51.42185
Іванківський;НОВА КРАСНИЦЯ;29.84213;51.39576
Іванківський;РЕЧИЦЯ;29.84728;51.41825
Іванківський;БУРЯКІВКА;29.91663;51.38151
Іванківський;СТАРИ ШЕПЕЛИЧІ;29.94804;51.42271
Іванківський;БЕНІВКА;29.97448;51.44726
Іванківський;НОВОШЕПЕЛИЧІ;30.02049;51.41807
Іванківський;ЧІСТОГОЛІВКА;30.01328;51.35834
Іванківський;УСІВ;30.03267;51.47575
Іванківський;ЧІСТОГОЛІВКА;30.04726;51.35456
Іванківський;;30.00658;51.42975
Іванківський;КРАСНЕ;30.11404;51.45498
Іванківський;КОПАЧІ;30.12623;51.35370
Іванківський;МАШЕВО;30.14597;51.48571
Іванківський;ЗИМОВИЩЕ;30.17841;51.42013
Іванківський;КРИВА ГОРА;30.19987;51.38443
Іванківський;;30.21532;51.35422
Іванківський;КОЦЮБИНСЬКЕ;30.24674;51.45532
Іванківський;ГОРОДЧАН;30.27815;51.45532
Іванківський;ЧАПАЇВКА;30.31952;51.41979
Кагарлицький;ТАРАСІВКА;30.51487;49.80137
Кагарлицький;ЗЕМЛЯНКА;30.74215;49.74678
Кагарлицький;ЛІЩИНКА;30.73614;49.79999
Кагарлицький;ТЕРНІВКА;30.74799;49.79021
Кагарлицький;РАСАВКА;30.74593;49.81201
Кагарлицький;ЖОВТНЕВЕ;30.85596;49.80961
Кагарлицький;ЛИПОВЕЦЬ;30.88686;49.78746
Кагарлицький;ШУБІВКА;30.76687;49.75571
Кагарлицький;КАГАРЛИК;30.82300;49.86540
Кагарлицький;СТРІТІВКА;30.89064;50.01766
Кагарлицький;СТАЙКИ;30.90368;50.06384
Кагарлицький;ГРЕБЕНІ;30.97424;50.02075
Кагарлицький;СУЩАНИ;30.55555;49.92462
Кагарлицький;ШПЕНДІВКА;30.60911;49.84394
Кагарлицький;МИРІВКА;30.62164;49.93149
Кагарлицький;БЕНДЮГІВКА;30.64825;49.88943
Кагарлицький;СТАВИ;30.64533;49.86402
Кагарлицький;СТАВИ;30.67623;49.85819
Кагарлицький;АНТОНІВКА;30.68035;49.97166
Кагарлицький;ІВАНІВКА;30.68756;49.91363
Кагарлицький;ГОРОХУВАТКА;30.70026;49.91140
Кагарлицький;ГОРОХОВЕ;30.71245;49.95037
Кагарлицький;ЛЕОНІВКА;30.71211;49.98899
Кагарлицький;ПЕТРІВСЬКЕ;30.73116;49.93664
Кагарлицький;НОВОСІЛКИ;30.75623;49.96942
Кагарлицький;ПЕРЕСЕЛЕННЯ;30.78936;49.88977
Кагарлицький;СЛОБОДА;30.83571;49.90883
Кагарлицький;РАСАВКА;30.82901;49.96015
Кагарлицький;ПЕТРІВСЬКЕ;30.83914;49.94436
Кагарлицький;ХАЛЧА;30.89733;49.94762
Кагарлицький;ЗІКРАЧІ;30.91158;49.97784
Кагарлицький;ОРІХОВЕ;30.91742;49.89406
Кагарлицький;БУРТИ;30.92377;49.84892
Кагарлицький;ДЕМІВЩИНА;30.93922;49.92479
Кагарлицький;ВОРОНІВКА;30.93802;49.95054
Кагарлицький;КАДОМКА;30.95089;49.87209
Кагарлицький;ВЕЛИКІ ПРИЦЬКИ;30.97406;49.91501
Кагарлицький;ДІБРІВКА;30.99569;49.88462
Кагарлицький;ЗОРІВКА;30.98866;49.86608
Кагарлицький;ПАНІКАРЧА;30.98007;49.96788
Кагарлицький;КАЛИНІВКА;31.01372;49.86677
Кагарлицький;ПЕТРІВСЬКЕ;31.01097;49.91432
Кагарлицький;ЯБЛУНІВКА;31.05475;49.88102
Кагарлицький;ОНАЦЬКИ;31.04118;49.91707
Кагарлицький;ПІВЦІ;31.07929;49.91535
Кагарлицький;УЛЯНИКИ;31.11775;49.92445
Кагарлицький;БАЛИКО-ЩУЧИНКА;31.13749;49.95260
Кагарлицький;ОЧЕРЕТЯНЕ;30.98848;49.82454
Кагарлицький;ЮШКИ;30.95364;50.00873
Кагарлицький;КУЗМИНЦІ;31.00290;49.94436
Кагарлицький;ЧЕРНЯХІВ;30.78386;50.00873
Києво-Святошинський;ЖОРНІВКА;30.14614;50.32270
Києво-Святошинський;ЗАБІР'Я;30.21755;50.32150
Києво-Святошинський;БОБРИЦЯ;30.23626;50.27756
Києво-Святошинський;МАЛЮТЯНКА;30.27008;50.29129
Києво-Святошинський;НОВЕ;30.30682;50.32150
Києво-Святошинський;ВІТА-ПОШТОВА;30.38355;50.31944
Києво-Святошинський;КРУГЛИК;30.44998;50.30313
Києво-Святошинський;КРЕМЕНИЩЕ;30.47590;50.29318
Києво-Святошинський;ЛІСНИКИ;30.51590;50.30382
Києво-Святошинський;ХОДОСІВКА;30.51539;50.27515
Києво-Святошинський;ІВАНКІВ;30.30115;50.28631
Києво-Святошинський;БУЗОВА;30.04177;50.41660
Києво-Святошинський;ХМІЛЬНА;30.03027;50.48939
Києво-Святошинський;БУЧА;30.21738;50.55513
Києво-Святошинський;ЧАБАНИ;30.42870;50.34244
Києво-Святошинський;БОЯРКА;30.27901;50.34416
Києво-Святошинський;ВИШНЕВЕ;30.35214;50.38742
Києво-Святошинський;ЛЮБИМІВКА;30.06220;50.43480
Києво-Святошинський;НЕГРАШІ;30.07525;50.37832
Києво-Святошинський;МУЗИЧІ;30.11181;50.36030
Києво-Святошинський;ЛИЧАНКА;30.09379;50.40750
Києво-Святошинський;;30.08503;50.47359
Києво-Святошинський;ГУРІВЩИНА;30.09516;50.43222
Києво-Святошинський;МИХАЙЛІВКА-РУБЕЖІВКА;30.14528;50.50072
Києво-Святошинський;ЛІСНЕ;30.11404;50.44647
Києво-Святошинський;МИРОЦЬКЕ;30.11936;50.58054
Києво-Святошинський;ШПИТЬКИ;30.12760;50.41746
Києво-Святошинський;КНЯЖИЧІ;30.13310;50.33026
Києво-Святошинський;МРІЯ;30.12777;50.43720
Києво-Святошинський;ГОРБОВИЧІ;30.15507;50.39806
Києво-Святошинський;МИХАЙЛІВКА-РУБЕЖІВКА;30.14940;50.48475
Києво-Святошинський;ЛУКА;30.16966;50.36888
Києво-Святошинський;ПЕТРУШКИ;30.16125;50.42124
Києво-Святошинський;ДМИТРІВКА;30.19060;50.45334
Києво-Святошинський;ЗАБУЧЧЯ;30.16863;50.49333
Києво-Святошинський;МИЛА;30.16949;50.44012
Києво-Святошинський;ГОРЕНИЧІ;30.21154;50.42124
Києво-Святошинський;ГНАТІВКА;30.21326;50.39223
Києво-Святошинський;КАПІТАНІВКА;30.20777;50.44115
Києво-Святошинський;СТОЯНКА;30.23026;50.45832
Києво-Святошинський;БІЛОГОРОДКА;30.22030;50.39120
Києво-Святошинський;ШЕВЧЕНКОВЕ;30.25652;50.41180
Києво-Святошинський;ЧАЙКИ;30.25583;50.42862
Києво-Святошинський;ТАРАСІВКА;30.31883;50.34227
Києво-Святошинський;ПЕТРІВСЬКЕ;30.32124;50.38416
Києво-Святошинський;МОЩУН;30.31334;50.60371
Києво-Святошинський;ГОРЕНКА;30.32192;50.55839
Києво-Святошинський;ПЕТРОПАВЛІВСЬКА БОРЩАГІВКА;30.34407;50.43394
Києво-Святошинський;СОФІЇВСЬКА БОРЩАГІВКА;30.36879;50.41128
Києво-Святошинський;КРЮКІВЩИНА;30.36827;50.36819
Києво-Святошинський;ЮРІВКА;30.36656;50.33644
Києво-Святошинський;ГАТНЕ;30.37531;50.35377
Києво-Святошинський;НОВОСІЛКИ;30.45857;50.35446
Києво-Святошинський;ХОТІВ;30.47144;50.33043
м Березань;БЕРЕЗАНЬ;31.46622;50.31103
м Біла Церква;БІЛА ЦЕРКВА;30.10443;49.80617
м Бориспіль;БОРИСПІЛЬ;30.95553;50.34845
м Бориспіль;НЕСТОРІВКА;30.95982;50.39120
м Бориспіль;ЛОЗІВКА;30.96153;50.40699
м Бровари;БРОВАРИ;30.77236;50.49917
м Бровари;;30.71262;50.51153
м Васильків;ВАСИЛЬКІВ;30.32209;50.17456
м Ірпінь;ВОРЗЕЛЬ;30.16399;50.54655
м Ірпінь;ГОСТОМЕЛЬ;30.25789;50.58878
м Ірпінь;КОЦЮБИНСЬКЕ;30.33720;50.49316
м Ірпінь;ІРПІНЬ;30.23317;50.53625
м Ірпінь;БУЧА;30.06529;50.44630
м Ірпінь;;30.17326;50.56509
м Переяслав-Хмельницький;ПЕРЕЯСЛАВ-ХМЕЛЬНИЦЬКИЙ;31.44425;50.06504
м Прип'ять;ЯНІВ;30.04761;51.39112
м Прип'ять;ПРИП'ЯТЬ;30.07284;51.39130
м Ржищів;РЖИЩІВ;31.04153;49.96702
м Фастів;ФАСТІВ;29.91285;50.07963
Макарівський;ЮРІВКА;29.69296;50.23876
Макарівський;ГРУЗЬКЕ;29.75407;50.29747
Макарівський;ВІЛЬНЕ;29.76574;50.21370
Макарівський;ВЕСЕЛА СЛОБІДКА;29.74205;50.27069
Макарівський;КОЗИЧАНКА;29.77758;50.25249
Макарівський;НОВІ ОПАЧИЧІ;29.78823;50.25301
Макарівський;КОНОПЕЛЬКИ;29.80110;50.23224
Макарівський;СОСНІВКА;29.83492;50.22348
Макарівський;ВІТРІВКА;29.86616;50.32253
Макарівський;ПАШКІВКА;29.87063;50.30708
Макарівський;БИШІВ;29.88178;50.26708
Макарівський;ЛУБСЬКЕ;29.88625;50.22829
Макарівський;ГОРОБІЇВКА;29.89002;50.29215
Макарівський;ФЕРМА;29.91200;50.22142
Макарівський;ЧОРНОГОРОДКА;29.96813;50.22245
Макарівський;ЛИШНЯ;29.94186;50.30142
Макарівський;ЯБЛУНІВКА;29.97860;50.25833
Макарівський;МОСТИЩЕ;30.02924;50.29095
Макарівський;ОСИКОВЕ;29.98633;50.32390
Макарівський;НОВОСІЛКИ;30.06992;50.30640
Макарівський;ЛЕОНІВКА;30.12880;50.11808
Макарівський;КОДРА;29.56472;50.59118
Макарівський;МАКАРІВ;29.81226;50.46690
Макарівський;ШНУРІВ ЛІС;29.46808;50.40682
Макарівський;ЛИСИЦЯ;29.50310;50.42347
Макарівський;КОМАРІВКА;29.51717;50.50535
Макарівський;САДКИ-СТРОЇВКА;29.51254;50.44046
Макарівський;БОРІВКА;29.54910;50.45454
Макарівський;САДКИ-СТРОЇВКА;29.54327;50.42913
Макарівський;НЕБЕЛИЦЯ;29.59700;50.41454
Макарівський;СОБОЛІВКА;29.59734;50.60457
Макарівський;ВЕЛИКИЙ КАРАШИН;29.64678;50.35978
Макарівський;МАЛИЙ КАРАШИН;29.63442;50.34330
Макарівський;МАКАРІВСЬКА БУДА;29.63545;50.60594
Макарівський;РОЖІВ;29.65227;50.38879
Макарівський;НІЖИЛОВИЧІ;29.62755;50.48887
Макарівський;ЧЕРВОНА СЛОБОДА;29.67733;50.38914
Макарівський;ЗАБУЯННЯ;29.64747;50.56269
Макарівський;ВОЛОСІНЬ;29.66738;50.58277
Макарівський;КОПІЇВКА;29.70085;50.40270
Макарівський;НОВОМИРІВКА;29.69175;50.58929
Макарівський;СИТНЯКИ;29.69948;50.41437
Макарівський;;29.71973;50.33592
Макарівський;ФЕРМА;29.69210;50.53213
Макарівський;НАЛИВАЙКІВКА;29.71819;50.48527
Макарівський;ЮРІВ;29.72437;50.41248
Макарівський;ЗАВАЛІВКА;29.73227;50.43033
Макарівський;ЗУРІВКА;29.74720;50.45196
Макарівський;КОРОЛІВКА;29.73106;50.54998
Макарівський;ПОЧЕПИН;29.77467;50.49127
Макарівський;ЛИПІВКА;29.81020;50.50741
Макарівський;ФАСІВОЧКА;29.79200;50.43600
Макарівський;КАЛИНІВКА;29.78222;50.41540
Макарівський;ФАСОВА;29.80848;50.37935
Макарівський;ЛЮДВИНІВКА;29.82822;50.38158
Макарівський;АНДРІЇВКА;29.83681;50.55136
Макарівський;КАЛИНІВКА;29.83698;50.41986
Макарівський;ЛОЗОВИК;29.85037;50.51359
Макарівський;МАКОВИЩЕ;29.86994;50.45488
Макарівський;ГАВРОНЩИНА;29.85758;50.48389
Макарівський;ЧЕРВОНА ГІРКА;29.88110;50.54809
Макарівський;КОПИЛІВ;29.89260;50.40682
Макарівський;ВИШЕГРАД;29.91526;50.45832
Макарівський;ПЛАХТЯНКА;29.90170;50.51428
Макарівський;МОТИЖИН;29.93671;50.38193
Макарівський;КОЛОНЩИНА;29.95920;50.44767
Макарівський;МАР'ЯНІВКА;29.95920;50.47960
Макарівський;СЕВЕРИНІВКА;29.97070;50.41471
Макарівський;ЯСНОГОРОДКА;30.02049;50.35635
Макарівський;МИКОЛАЇВКА;30.02426;50.46381
Макарівський;БЕРЕЗІВКА;30.00023;50.42913
Миронівський;МИРОНІВКА;30.96136;49.64395
Миронівський;КАРАПИШІ;30.78163;49.64584
Миронівський;ОЛЕКСАНДРІВКА;30.78627;49.68000
Миронівський;МАТВІЇВКА;30.83759;49.75279
Миронівський;ПУСТОВІТИ;30.86987;49.67262
Миронівський;ВІКТОРІВКА;30.83416;49.73459
Миронівський;ЯХНИ;30.88858;49.60842
Миронівський;ЯХНИ;30.90643;49.62885
Миронівський;ЗЕЛЕНЬКИ;30.92531;49.75622
Миронівський;РОСАВА;30.95278;49.70095
Миронівський;ВЛАДИСЛАВКА;30.94454;49.62747
Миронівський;ЗЕЛЕНЬКИ;30.93836;49.71279
Миронівський;ВАХУТИНЦІ;30.95965;49.59778
Миронівський;ГУЛІ;30.97578;49.61769
Миронівський;МИКИТЯНИ;30.98745;49.60482
Миронівський;СВІТЛЕ;30.98248;49.76927
Миронівський;ПОЛЬОВЕ;30.99398;49.74901
Миронівський;ЮХНИ;31.01355;49.60688
Миронівський;СТАЛІВКА;31.02934;49.80806
Миронівський;НОВА ОЛЕКСАНДРІВКА;31.02745;49.62662
Миронівський;ПОТІК;31.05440;49.76240
Миронівський;КУТЕЛІВ;31.06110;49.72378
Миронівський;САЛІВ;31.07088;49.67657
Миронівський;КИП'ЯЧКА;31.06487;49.81441
Миронівський;АНДРІЇВКА;31.06814;49.65786
Миронівський;ЦЕНТРАЛЬНЕ;31.08788;49.64292
Миронівський;КОЗИН;31.11002;49.70112
Миронівський;П'ЯТИХАТКА;31.10247;49.63056
Миронівський;МАСЛІВКА;31.10075;49.74026
Миронівський;КУЛЕШІВ;31.09406;49.78763
Миронівський;ЄМЧИХА;31.11981;49.67966
Миронівський;П'ЯТИРІЧКА;31.12993;49.63451
Миронівський;МАСЛІВКА;31.15963;49.72172
Миронівський;ШАНДРА;31.15208;49.78592
Миронівський;КОРИТИЩЕ;30.98471;49.79605
Миронівський;ФРОЛІВКА;30.79262;49.72292
Миронівський;ГОРОБІЇВКА;31.03844;49.83776
Миронівський;МАЛІ ПРИЦЬКИ;31.09646;49.85836
Миронівський;МАКЕДОНИ;31.12358;49.83518
Миронівський;ЛИПОВИЙ РІГ;31.13079;49.89698
Миронівський;ПІЇ;31.12581;49.87415
Миронівський;ВЕДМЕДІВКА;31.17251;49.88634
Миронівський;ТАРАСІВКА;31.00222;49.83038
Миронівський;ТУЛИНЦІ;31.18023;49.82145
Миронівський;ГРУШІВ;31.21525;49.88291
Миронівський;ХОДОРІВ;31.24392;49.92239
Миронівський;ДУДАРІ;31.26177;49.88256
Миронівський;РОМАШКИ;31.27602;49.90934
Миронівський;МАЛИЙ БУКРИН;31.33043;49.91535
Миронівський;ВЕЛИКИЙ БУКРИН;31.31567;49.94711
Обухівський;КОЗИН;30.65924;50.20563
Обухівський;ОБУХІВ;30.62714;50.11087
Обухівський;УКРАЇНКА;30.74438;50.13576
Обухівський;МАЛА ВІЛЬШАНКА;30.46475;50.07551
Обухівський;КОПАЧІВ;30.48500;50.11894
Обухівський;ЗАСТУГНА;30.47161;50.14057
Обухівський;КРЕНИЧІ;30.51264;50.23722
Обухівський;ШЕВЧЕНКОВЕ;30.51367;50.09010
Обухівський;МАЛІ ДМИТРОВИЧІ;30.53255;50.20752
Обухівський;БЕРЕЗОВЕ;30.52277;50.14332
Обухівський;КОНЮША;30.53101;50.16889
Обухівський;ПЕРШЕ ТРАВНЯ;30.53667;50.11516
Обухівський;ЛЕНДИ;30.54319;50.05783
Обухівський;ПІДГІРЦІ;30.54508;50.23516
Обухівський;СТАРІ БЕЗРАДИЧІ;30.55058;50.14830
Обухівський;КАПУСТЯНА;30.53684;50.16168
Обухівський;ВЕЛИКІ ДМИТРОВИЧІ;30.55264;50.19962
Обухівський;;30.53804;50.18469
Обухівський;КРАСНА СЛОБІДКА;30.58697;50.01732
Обухівський;ПАРАЩИНА;30.54989;50.17696
Обухівський;НОВІ БЕЗРАДИЧІ;30.59074;50.18366
Обухівський;РОМАНКІВ;30.57169;50.23413
Обухівський;ТАРАСІВКА;30.59057;50.15345
Обухівський;ГРИГОРІВКА;30.61941;50.04169
Обухівський;НОВІ БЕЗРАДИЧІ;30.60825;50.18434
Обухівський;МАТЯШІВКА;30.63023;50.02144
Обухівський;ГУСАЧІВКА;30.64362;50.05096
Обухівський;НЕЩЕРІВ;30.62113;50.14761
Обухівський;ДЕРЕВ'ЯНА;30.68997;50.10967
Обухівський;КРАСНЕ ПЕРШЕ;30.67314;50.07809
Обухівський;МАКАРІВКА;30.69048;50.02092
Обухівський;ТАЦЕНКИ;30.67658;50.16083
Обухівський;КОЗІЇВКА;30.69065;50.07723
Обухівський;ДОЛИНА;30.70421;50.05903
Обухівський;ПЛЮТИ;30.72138;50.17027
Обухівський;ЩЕРБАНІВКА;30.73614;50.09766
Обухівський;ТРИПІЛЛЯ;30.77047;50.11602
Обухівський;ЖУКІВЦІ;30.77133;50.07826
Обухівський;ХАЛЕП'Я;30.82043;50.10229
Обухівський;ВИТАЧІВ;30.87210;50.11396
Обухівський;СТЕПОК;30.47848;49.91707
Обухівський;ПЕРЕГОНІВКА;30.49255;49.97990
Обухівський;СЕМЕНІВКА;30.52551;49.98178
Обухівський;КУЛІ;30.53341;49.94076
Обухівський;ГЕРМАНІВКА;30.56431;49.98333
Обухівський;БЕЗІМЕННЕ;30.65117;49.96513
Обухівський;ГЕРМАНІВКА;30.55641;49.99363
Обухівський;ДЕРЕМЕЗНА;30.50097;50.01182
Обухівський;ВЕРЕМ'Я;30.80961;50.04410
Переяслав-хмельницький;КОВАЛИН;31.20443;50.06779
Переяслав-хмельницький;ЄРКІВЦІ;31.25439;50.12272
Переяслав-хмельницький;ДІВИЧКИ;31.26984;50.06538
Переяслав-хмельницький;ДІВИЧКИ;31.28031;50.08203
Переяслав-хмельницький;ВЕСЕЛЕ;31.32322;50.08495
Переяслав-хмельницький;ГРЕЧАНИКИ;31.32563;50.07585
Переяслав-хмельницький;КАВКАЗ;31.34691;50.08186
Переяслав-хмельницький;СТОВП'ЯГИ;31.34863;50.06864
Переяслав-хмельницький;СОСНОВА;31.34434;50.05800
Переяслав-хмельницький;МАЗИНКИ;31.36047;50.16460
Переяслав-хмельницький;ДЕМ'ЯНЦІ;31.40528;50.11671
Переяслав-хмельницький;ДЕМ'ЯНЦІ;31.40614;50.12426
Переяслав-хмельницький;ЗАОСТРІВ;31.39635;50.25816
Переяслав-хмельницький;ХАРКІВЦІ;31.40116;50.14589
Переяслав-хмельницький;ХАРКІВЦІ;31.41558;50.14246
Переяслав-хмельницький;ГРЕБЛЯ;31.43807;50.10916
Переяслав-хмельницький;ПРИСТРОМИ;31.43103;50.22520
Переяслав-хмельницький;ГАЙШИН;31.47806;50.12598
Переяслав-хмельницький;ЧИРСЬКЕ;31.49351;50.10916
Переяслав-хмельницький;ВОВЧКІВ;31.47995;50.19173
Переяслав-хмельницький;ЛЕНІНЕ;31.50639;50.16889
Переяслав-хмельницький;ГЛАНИШІВ;31.49437;50.15499
Переяслав-хмельницький;ВЕЛИКА КАРАТУЛЬ;31.54776;50.10795
Переяслав-хмельницький;ПЛЕСКАЧІ;31.53437;50.10916
Переяслав-хмельницький;МАР'ЯНІВКА;31.54106;50.09388
Переяслав-хмельницький;МАЛА КАРАТУЛЬ;31.56784;50.04633
Переяслав-хмельницький;ВОСКРЕСЕНСЬКЕ;31.55171;50.06418
Переяслав-хмельницький;ВІНИНЦІ;31.59926;50.02968
Переяслав-хмельницький;ЛЕЦЬКИ;31.61711;50.01921
Переяслав-хмельницький;КОЗЛІВ;31.57042;50.21541
Переяслав-хмельницький;ТРАВНЕВЕ;31.61402;50.07740
Переяслав-хмельницький;СТРОКОВА;31.63084;50.12581
Переяслав-хмельницький;ЖОВТНЕВЕ;31.61608;50.20529
Переяслав-хмельницький;ПОМОКЛІ;31.67839;50.10641
Переяслав-хмельницький;ВИПОВЗКИ;31.66672;50.06315
Переяслав-хмельницький;ПЕРЕЯСЛАВСЬКЕ;31.65762;50.26451
Переяслав-хмельницький;СОМКОВА ДОЛИНА;31.68955;50.17954
Переяслав-хмельницький;ПЕРШЕ ТРАВНЯ;31.72354;50.01577
Переяслав-хмельницький;НАТЯГАЙЛІВКА;31.71307;50.02951
Переяслав-хмельницький;РАДЯНСЬКЕ;31.71667;50.16907
Переяслав-хмельницький;РАДЯНСЬКЕ;31.71719;50.16323
Переяслав-хмельницький;СОСНОВА;31.76165;50.15533
Переяслав-хмельницький;ШЕВЧЕНКОВЕ;31.75667;50.05062
Переяслав-хмельницький;ДЕНИСИ;31.80422;50.10006
Переяслав-хмельницький;ПОЛОЖАЇ;31.83615;50.08066
Переяслав-хмельницький;ТАШАНЬ;31.83804;50.04547
Переяслав-хмельницький;ЦИБЛІ;31.56321;49.99363
Переяслав-хмельницький;ХОЦЬКИ;31.64646;49.90608
Переяслав-хмельницький;ПОЛОГИ-ЧОБІТКИ;31.67496;49.98350
Переяслав-хмельницький;СВІТАНОК;31.71513;49.87089
Переяслав-хмельницький;ПОЛОГИ-ЯНЕНКИ;31.72852;49.95466
Переяслав-хмельницький;УЛЯНІВКА;31.74259;49.97320
Переяслав-хмельницький;ТАРАСІВКА;31.77263;49.94573
Переяслав-хмельницький;;31.88644;49.97715
Переяслав-хмельницький;ГОРБАНІ;31.88215;50.00255
Переяслав-хмельницький;ПОЛОГИ-ВЕРГУНИ;31.72113;49.99637
Поліський;ПОЛІСЬКЕ;29.40182;51.23148
Поліський;ГРЕЗЛЯ;29.27393;51.32967
Поліський;;29.24732;51.17414
Поліський;БОВИШЕ;29.75372;51.34443
Поліський;ТАРАСИ;29.29882;51.25980
Поліський;ВОЛОДИМИРІВКА;29.30140;51.23131
Поліський;ЖОВТНЕВЕ;29.30500;51.16745
Поліський;ЖОВТНЕВЕ;29.33453;51.20315
Поліський;ТАРАСИ;29.32646;51.27199
Поліський;КОТОВСЬКЕ;29.36560;51.19457
Поліський;РАГІВКА;29.39306;51.19594
Поліський;ШЕВЧЕНКОВЕ;29.39890;51.17535
Поліський;ЧЕРВОНА ЗІРКА;29.43255;51.21448
Поліський;ЯСЕН;29.43701;51.16745
Поліський;СТЕБЛІ;29.43667;51.22650
Поліський;СТАРА МАРКІВКА;29.45847;51.11853
Поліський;РУДНЯ ГРЕЗЛЯНСЬКА;29.46293;51.25688
Поліський;ФАБРИКІВКА;29.46310;51.23062
Поліський;ЛУГОВИКИ;29.46722;51.22066
Поліський;ШКНЕВА;29.48765;51.11921
Поліський;МАР'ЯНІВКА;29.48404;51.19646
Поліський;ВІЙСЬКОВЕ;29.47495;51.08574
Поліський;НОВА МАРКІВКА;29.48988;51.13500
Поліський;БУДА ВАРОВИЧІ;29.48370;51.32332
Поліський;;29.50224;51.15663
Поліський;КОВШИЛІВКА;29.51065;51.26993
Поліський;ЗЕЛЕНА ПОЛЯНА;29.51786;51.21620
Поліський;ВОЙКОВЕ;29.51855;51.04248
Поліський;СТОВПНЕ;29.51632;51.07733
Поліський;БУДА ВАРОВИЧІ;29.51460;51.31559
Поліський;ВОВЧКІВ;29.54893;51.11114
Поліський;ПУХОВЕ;29.54292;51.13294
Поліський;ВАРОВИЧІ;29.55237;51.29036
Поліський;МЛАЧІВКА;29.54104;51.19182
Поліський;ЗАЛИШАНИ;29.57554;51.04351
Поліський;МЛАЧІВКА;29.57022;51.17929
Поліський;ВЕРЕСНЯ;29.58944;51.07304
Поліський;ДУБОВА;29.60472;51.11303
Поліський;БУДА ВОВЧКІВСЬКА;29.60438;51.13706
Поліський;МАРТИНОВИЧІ;29.62412;51.26221
Поліський;МАКСИМОВИЧІ;29.61742;51.19543
Поліський;КОРОЛІВКА;29.60455;51.16213
Поліський;КРАСЯТИЧІ;29.63768;51.07664
Поліський;ЧАПАЄВЕ;29.64644;51.04128
Поліський;МІХЛІВЩИНА;29.64523;51.09638
Поліський;ГОРОДЕЩИНА;29.67373;51.10874
Поліський;ВЕСНЯНЕ;29.63940;51.30958
Поліський;ДУБОВА;29.66600;51.13123
Поліський;ДІБРОВА;29.68557;51.28229
Поліський;БУДА-РАДИНСЬКА;29.68935;51.18667
Поліський;ВОЛОДАРКА;29.70308;51.07509
Поліський;;29.69433;51.14118
Поліський;ДУБОВА;29.69965;51.13415
Поліський;ФЕДОРІВКА;29.69587;51.22101
Поліський;РАДИНКА;29.72145;51.19320
Поліський;ВІЛЬШАНКА;29.69931;51.31679
Поліський;ФЕДОРІВКА;29.70051;51.24864
Поліський;СТЕЩИНА;29.73639;51.14754
Поліський;ОМЕЛЯНІВКА;29.76059;51.17981
Поліський;ЛУБ'ЯНКА;29.75784;51.32400
Поліський;РАДИНКА;29.77055;51.19200
Поліський;НІВЕЦЬКЕ;29.78634;51.23886
Поліський;КАЛИНІВКА;29.79921;51.14015
Поліський;ОРДЖОНІКІДЗЕ;29.81810;51.16264
Поліський;ЧЕРЕМОШНА;29.83698;51.20727
Поліський;НОВИЙ МИР;29.58464;51.33173
Поліський;СТАРА РУДНЯ;29.63905;51.33413
Поліський;ВІЛЬЧА;29.43117;51.36005
Поліський;КЛИВИНИ;29.62549;51.35473
Поліський;ДЕНИСОВИЧІ;29.70669;51.48468
Рокитнянський;РОКИТНЕ;30.47024;49.68498
Рокитнянський;НАСТАШКА;30.29617;49.64172
Рокитнянський;БИРЮКИ;30.28879;49.73133
Рокитнянський;ПУГАЧІВКА;30.31849;49.71691
Рокитнянський;КОЛЕСНИКОВЕ;30.33720;49.60979
Рокитнянський;ДОВГАЛІВСЬКЕ;30.34802;49.66043
Рокитнянський;ОСТРІВ;30.38630;49.67434
Рокитнянський;СИНЯВА;30.46938;49.65649
Рокитнянський;ЖИТНІ ГОРИ;30.46698;49.73099
Рокитнянський;САВИНЦІ;30.50560;49.78060
Рокитнянський;БУШЕВЕ;30.59366;49.63812
Рокитнянський;МАКІВКА;30.58628;49.80326
Рокитнянський;ПЕТРІВСЬКЕ;30.57169;49.77957
Рокитнянський;ОЛЬШАНИЦЯ;30.62388;49.66541
Рокитнянський;БАКУМІВКА;30.60070;49.70713
Рокитнянський;РОМАШКИ;30.60156;49.72996
Рокитнянський;ТЕЛЕШІВКА;30.60980;49.76669
Рокитнянський;ШАРКИ;30.62353;49.71296
Рокитнянський;ТЕЛЕШІВКА;30.62250;49.76000
Рокитнянський;ЗАПРУДДЯ;30.63864;49.80858
Рокитнянський;ЗАПРУДДЯ;30.66404;49.81184
Рокитнянський;ЛЮБКА;30.70902;49.66764
Рокитнянський;ЛУБ'ЯНКА;30.72842;49.69786
Сквирський;СКВИРА;29.66343;49.73322
Сквирський;МОВЧАНІВКА;29.35255;49.71073
Сквирський;МИНЬКІВЦІ;29.47048;49.79244
Сквирський;КРИВОШИЇНЦІ;29.49331;49.74386
Сквирський;НОВИЙ ШЛЯХ;29.51717;49.70386
Сквирський;ЦАПІЇВКА;29.52919;49.75262
Сквирський;МАЛІ ЛИСІВЦІ;29.51168;49.80875
Сквирський;УЛЯНІВКА;29.53846;49.62129
Сквирський;РИБЧИНЦІ;29.55305;49.61511
Сквирський;СЕЛЕЗЕНІВКА;29.57228;49.75485
Сквирський;САВРАНЬ;29.55322;49.69768
Сквирський;САМГОРОДОК;29.56060;49.66438
Сквирський;КАЛЕННА;29.56352;49.57289
Сквирський;ЯМИ;29.56455;49.70301
Сквирський;КВІТНЕВЕ;29.58326;49.70283
Сквирський;ОРІХОВЕЦЬ;29.62395;49.58988
Сквирський;ДОМАНТІВКА;29.62292;49.69992
Сквирський;ШАПІЇВКА;29.61399;49.66610
Сквирський;ТОКАРІВКА;29.65124;49.67039
Сквирський;ВЕЛИКІ ЄРЧИКИ;29.63184;49.79828
Сквирський;ГОРОБІЇВКА;29.67150;49.61614
Сквирський;КАМ'ЯНА ГРЕБЛЯ;29.71665;49.73837
Сквирський;ШАЛІЇВКА;29.69278;49.65443
Сквирський;КОНОНІВКА;29.69536;49.70232
Сквирський;ШАЛІЇВКА;29.69965;49.66164
Сквирський;ТАБОРІВ;29.71390;49.81716
Сквирський;КАМ'ЯНА ГРЕБЛЯ;29.72334;49.73305
Сквирський;ЗОЛОТУХА;29.72008;49.76103
Сквирський;ЛАВРИКИ;29.71562;49.59915
Сквирський;ТЕРЕШКИ;29.72197;49.64619
Сквирський;ДУЛИЦЬКЕ;29.76763;49.80446
Сквирський;БЕЗПЕЧНА;29.74222;49.79725
Сквирський;ТХОРІВКА;29.76557;49.69202
Сквирський;НОВА ПУСТОВАРІВКА;29.76917;49.73459
Сквирський;АНТОНІВ;29.78119;49.62833
Сквирський;ЛЕНІНСЬКЕ;29.79630;49.73854
Сквирський;ШАМРАЇВКА;29.83286;49.77253
Сквирський;ПУСТОВАРІВКА;29.82857;49.70369
Сквирський;РУДА;29.84299;49.79484
Сквирський;ТЕРЕШКИ;29.94289;49.75450
Сквирський;МАЛІ ЄРЧИКИ;29.58532;49.83055
Сквирський;ЧУБИНЦІ;29.67785;49.82763
Сквирський;БУКИ;29.64214;49.83793
Сквирський;КРАСНЯНКА;29.66841;49.86145
Сквирський;ДУНАЙКА;29.69467;49.90059
Сквирський;РОГІЗНА;29.70926;49.86883
Сквирський;КРАСНОЛІСИ;29.78994;49.87003
Сквирський;РУДА;29.81535;49.81871
Сквирський;КРАСНОЛІСИ;29.82822;49.85767
Сквирський;ВЛАДИСЛАВКА;29.85518;49.85458
Сквирський;МАЛА МИХАЙЛІВКА;29.84951;49.87003
Сквирський;ВЕЛИКОПОЛОВЕЦЬКЕ;29.89620;49.88634
Сквирський;ВЕЛИКОПОЛОВЕЦЬКЕ;29.87681;49.86694
Сквирський;БЕЗУГЛЯКИ;29.96555;49.82145
Сквирський;ПИЩИКИ;29.95337;49.81802
Сквирський;АНДРІЇВКА;29.96040;49.90728
Ставищенський;РОЗУМНИЦЯ;30.21669;49.30338
Ставищенський;КРАСИЛІВКА;30.33720;49.29891
Ставищенський;ВЕСЕЛЕ;29.96161;49.40380
Ставищенський;ВАСИЛИХА;30.03096;49.46886
Ставищенський;СУХИЙ ЯР;30.01413;49.38337
Ставищенський;ГРИГОРІВСЬКА СЛОБОДА;30.03096;49.35385
Ставищенський;ТОРЧИЦЯ;30.01242;49.42818
Ставищенський;СТРИЖАВКА;29.99989;49.39024
Ставищенський;СТАВИЩЕ;30.19232;49.38492
Ставищенський;ЧЕРВОНЕ;30.05825;49.35505
Ставищенський;СНІЖКИ;30.12074;49.36518
Ставищенський;ІВАНІВКА;30.13258;49.46131
Ставищенський;БОГАТИРКА;30.11782;49.46422
Ставищенський;ВИНАРІВКА;30.10391;49.40792
Ставищенський;КРИВЕЦЬ;30.10872;49.43178
Ставищенський;ЛЮБЧА;30.13670;49.51074
Ставищенський;ГОСТРА МОГИЛА;30.15919;49.51006
Ставищенський;ВИШКІВСЬКЕ;30.15575;49.41582
Ставищенський;РОЗКІШНА;30.18648;49.36483
Ставищенський;АНТОНІВКА;30.26030;49.39264
Ставищенський;ПОЛКОВНИЧЕ;30.22167;49.46079
Ставищенський;ЯСЕНІВКА;30.28605;49.45152
Ставищенський;БРИЛІВКА;30.32879;49.38921
Ставищенський;ГЕЙСИХА;30.29926;49.34715
Ставищенський;ЖУРАВЛИХА;30.34149;49.41547
Ставищенський;ПОПРУЖНА;30.34784;49.36758
Ставищенський;ЮРКІВКА;30.09379;49.32226
Ставищенський;БЕСІДКА;30.27351;49.30733
Ставищенський;ТОРЧИЦЬКИЙ СТЕПОК;30.07147;49.33050
Ставищенський;СТАНІСЛАВЧИК;30.37771;49.33805
Таращанський;ТАРАЩА;30.50251;49.55521
Таращанський;СЕВЕРИНІВКА;30.28399;49.57203
Таращанський;РІЖКИ;30.29875;49.53426
Таращанський;ПЛОСКЕ;30.29858;49.48088
Таращанський;КРАСЮКИ;30.32072;49.59074
Таращанський;ЧЕРНИН;30.36535;49.56739
Таращанський;ЧЕРВОНІ ЯРИ;30.36861;49.53649
Таращанський;ПЕТРІВСЬКЕ;30.36381;49.48637
Таращанський;ВОЛОДИМИРІВКА;30.40775;49.53512
Таращанський;ЧАПАЄВКА;30.44672;49.38372
Таращанський;ВЕЛИКА ВОВНЯНКА;30.42938;49.44895
Таращанський;ПОТОКИ;30.47968;49.52259
Таращанський;САЛИХА;30.44449;49.62026
Таращанський;УЛАШІВКА;30.45891;49.56997
Таращанський;МАЛА БЕРЕЗЯНКА;30.47487;49.45839
Таращанський;ДУБІВКА;30.48002;49.42474
Таращанський;МАЛА ВОВНЯНКА;30.46234;49.42955
Таращанський;ЛІСОВИЧІ;30.47024;49.50611
Таращанський;КРИВА;30.49444;49.59915
Таращанський;ВЕСЕЛИЙ КУТ;30.52208;49.36552
Таращанський;СТАНИШІВКА;30.52466;49.46937
Таращанський;ВЕЛИКА БЕРЕЗЯНКА;30.54560;49.42697
Таращанський;КИРДАНИ;30.54852;49.58284
Таращанський;КОСЯКІВКА;30.55882;49.35985
Таращанський;АНТОНІВКА;30.56139;49.37685
Таращанський;ЛУК'ЯНІВКА;30.56929;49.50800
Таращанський;КИРДАНИ;30.56894;49.57838
Таращанський;МАЛОБЕРЕЗАНСЬКЕ;30.57839;49.54130
Таращанський;КИРДАНИ;30.58903;49.58456
Таращанський;КИСЛІВКА;30.60534;49.52070
Таращанський;КІВШОВАТА;30.62285;49.48431
Таращанський;КРУТІ ГОРБИ;30.61289;49.42560
Таращанський;БУДА;30.62903;49.52259
Таращанський;СТЕПОК;30.62473;49.55675
Таращанський;БОВКУН;30.62868;49.58216
Таращанський;МАКОВЕЦЬКЕ;30.65271;49.44242
Таращанський;ЛУКА;30.68138;49.48105
Тетіївський;РІДЕНЬКЕ;29.87663;49.21360
Тетіївський;ГОЛОДЬКИ;29.65742;49.27420
Тетіївський;РОСІШКИ;29.68077;49.30441
Тетіївський;ДІБРІВКА;29.73415;49.28913
Тетіївський;СТАДНИЦЯ;29.74720;49.24330
Тетіївський;ДУБИНА;29.74840;49.28999
Тетіївський;ХМЕЛІВКА;29.77518;49.19695
Тетіївський;КЛЮКИ;29.79887;49.20038
Тетіївський;ДЕНИХІВКА;29.80145;49.30149
Тетіївський;ВИСОКЕ;29.81552;49.24913
Тетіївський;СТЕПОВЕ;29.87148;49.28209
Тетіївський;ГОРОШКІВ;29.89946;49.24707
Тетіївський;ТАЙНИЦЯ;29.92659;49.27660
Тетіївський;ТЕТІЇВ;29.68214;49.37050
Тетіївський;СКИБИНЦІ;29.50224;49.52328
Тетіївський;ТАРАСІВКА;29.52885;49.39264
Тетіївський;МИХАЙЛІВКА;29.55271;49.37118
Тетіївський;ДЗВЕНЯЧЕ;29.57365;49.38183
Тетіївський;КОШІВ;29.59150;49.48980
Тетіївський;ПЕРШЕ ТРАВНЯ;29.60558;49.36260
Тетіївський;БУРКІВЦІ;29.60438;49.42406
Тетіївський;КАШПЕРІВКА;29.68128;49.43127
Тетіївський;ПОГРЕБИ;29.65725;49.47761
Тетіївський;ГРИГОРІВКА;29.78016;49.41221
Тетіївський;ЧЕРЕПИНКА;29.84179;49.40912
Тетіївський;ЧЕРЕПИН;29.81260;49.40689
Тетіївський;СОФІПІЛЬ;29.82805;49.37136
Тетіївський;П'ЯТИГОРИ;29.87509;49.34835
Тетіївський;ГАЛАЙКИ;29.87972;49.38372
Тетіївський;МОЛОЧНЕ;29.96384;49.38578
Тетіївський;ДІБРІВКА;29.75939;49.31900
Тетіївський;ОДАЙПІЛЬ;29.97637;49.33754
Тетіївський;ТЕЛІЖИНЦІ;29.57863;49.34114
Тетіївський;НЕНАДИХА;29.85655;49.32981
Тетіївський;П'ЯТИГОРИ;29.92521;49.34011
Фастівський;КОЖАНКА;29.75372;49.96616
Фастівський;ВАСИЛІВКА;29.68935;50.22074
Фастівський;ФЕДОРІВКА;29.69639;50.12443
Фастівський;ВЕЛИКІ ГУЛЯКИ;29.69793;50.16580
Фастівський;СКРИГАЛІВКА;29.72729;50.08993
Фастівський;СТАВКИ;29.72694;50.07791
Фастівський;ДЕМИНІВКА;29.71321;50.20838
Фастівський;ДМИТРІВКА;29.72523;50.02727
Фастівський;ВОЛИЦЯ;29.77896;50.02779
Фастівський;ДІДІВЩИНА;29.76420;50.15190
Фастівський;ВІЛЬШАНСЬКА НИВА;29.76059;50.20512
Фастівський;МЛИНОК;29.76746;50.13113
Фастівський;КОНЧАКИ;29.78737;50.14830
Фастівський;ВЕПРИК;29.80608;50.10658
Фастівський;ТОМАШІВКА;29.79630;50.16907
Фастівський;ТОМАШІВКА;29.81587;50.18949
Фастівський;ПРИШИВАЛЬНЯ;29.81999;50.16992
Фастівський;ЯРОШІВКА;29.84230;50.20306
Фастівський;ВИШНЯ;29.84024;50.13954
Фастівський;ЧЕРВОНЕ;29.94787;50.01491
Фастівський;ДОРОГИНКА;29.91131;50.17353
Фастівський;МАЛА СНІТИНКА;29.93963;50.11637
Фастівський;МАЛА ОФІРНА;29.93225;50.13147
Фастівський;МАЛА СНІТИНКА;29.95199;50.11740
Фастівський;ВЕЛИКА ОФІРНА;29.95560;50.13765
Фастівський;КОЩІЇВКА;29.97242;50.17885
Фастівський;ТАРАСЕНКИ;29.98169;50.16014
Фастівський;ОЛЕНІВКА;29.98409;50.26846
Фастівський;СТЕПОВЕ;29.66120;49.89784
Фастівський;ЯХНИ;29.74600;49.90900
Фастівський;СОФІЇВКА;29.74016;49.94436
Фастівський;МАЛОПОЛОВЕЦЬКЕ;29.82050;49.92187
Фастівський;ТАРАСІВКА;29.85878;49.88634
Фастівський;ТРИЛІСИ;29.84264;49.98281
Фастівський;КОРОЛІВКА;29.89895;49.99002
Фастівський;ЄЛИЗАВЕТІВКА;29.94736;49.95397
Фастівський;ВИШНЯКИ;30.01345;50.14881
Фастівський;ГВАРДІЙСЬКЕ;30.01448;50.04272
Фастівський;МОТОВИЛІВСЬКА СЛОБІДКА;30.03903;50.13096
Фастівський;ФАСТІВЕЦЬ;30.04417;50.05714
Фастівський;ВЕЛИКА СНІТИНКА;30.00778;50.09233
Фастівський;ПАЛЯНИЧИНЦІ;29.98221;49.99758
Фастівський;КИЩИНЦІ;29.96641;49.99672
Фастівський;БОРОВА;30.10254;50.17834
Фастівський;ЧЕРВОНА МОТОВИЛІВКА;30.07404;50.15550
Фастівський;;30.05138;50.16615
Фастівський;КЛЕХІВКА;30.08228;50.07225
Фастівський;ВЕЛИКА МОТОВИЛІВКА;30.09052;50.13525
Фастівський;ПИЛИПІВКА;29.93260;49.99672
Фастівський;БОРТНИКИ;29.90307;50.00307
Фастівський;ТРИЛІСИ;29.83870;49.99500
Фастівський;ПІВНІ;29.73398;50.00599
Яготинський;ЯГОТИН;31.76148;50.28322
Яготинський;ГРЕЧАНІВКА;32.01656;50.19533
Яготинський;ЧЕРНЯХІВКА;31.94893;50.24992
Яготинський;ГРИГОРІВКА;31.65917;50.28477
Яготинський;КУЛЯБІВКА;31.68509;50.31429
Яготинський;ТУЖИЛІВ;31.69899;50.30863
Яготинський;СОКОЛІВЩИНА;31.71255;50.28116
Яготинський;ЗАСУПОЇВКА;31.72749;50.25936
Яготинський;ФЕДОРІВКА;31.72388;50.23859
Яготинський;ЧЕРВОНЕ ЗАРІЧЧЯ;31.73899;50.31464
Яготинський;ПАНФИЛИ;31.75255;50.22537
Яготинський;РАЙКІВЩИНА;31.77521;50.31240
Яготинський;РАЙКІВЩИНА;31.79323;50.30880
Яготинський;РАЙКІВЩИНА;31.78379;50.32030
Яготинський;ПАНФИЛИ;31.76869;50.20683
Яготинський;НИЧИПОРІВКА;31.80971;50.19688
Яготинський;ТРУБІВЩИНА;31.80302;50.16615
Яготинський;РОКИТНЕ;31.81315;50.32682
Яготинський;ФАРБОВАНЕ;31.84198;50.13182
Яготинський;НИЧИПОРІВКА;31.83666;50.21747
Яготинський;ФАРБОВАНЕ;31.86413;50.14898
Яготинський;КАПУСТИНЦІ;31.87718;50.07688
Яготинський;ВОРОНІВЩИНА;31.85778;50.24340
Яготинський;ДОБРАНИЧІВКА;31.89108;50.05251
Яготинський;ПЛУЖНИКИ;31.87323;50.04410
Яготинський;КАЙНАРИ;31.87872;50.30640
Яготинський;ДВІРКІВЩИНА;31.87700;50.25473
Яготинський;ЧЕРНЯХІВКА;31.92902;50.21782
Яготинський;БОЖКИ;31.90687;50.27859
Яготинський;СУЛИМІВКА;31.97159;50.27910
Яготинський;КОПТЕВИЧІВКА;31.98326;50.21988
Яготинський;ЛЕБЕДІВКА;32.01330;50.27052
Яготинський;ГОДУНІВКА;32.05845;50.29163
Яготинський;ЖОРАВКА;32.05570;50.27859
Яготинський;ГОДУНІВКА;32.05639;50.30365
Яготинський;ЛЕМЕШІВКА;32.07836;50.30640
Яготинський;ЛОЗОВИЙ ЯР;31.99425;50.32648
Яготинський;СУЛИМІВКА;31.98258;50.27532
Яготинський;БОГДАНІВКА;32.01279;50.21782
Яготинський;ЧЕРКАСІВКА;31.74414;50.33455
Яготинський;ДЗЮБІВКА;31.73796;50.34365
Яготинський;ОЗЕРНЕ;31.74929;50.39137
Яготинський;СУПОЇВКА;31.74088;50.37317
Яготинський;РОЗУМІВКА;31.79564;50.33678
Яготинський;СОТНИКІВКА;31.83220;50.36167
Яготинський;ШЕВЧЕНКОВЕ;31.82877;50.42827
Яготинський;ЧЕРВОНЕ;31.94687;50.35601
Яготинський;ГЕНЗЕРІВКА;32.02600;50.36888
Яготинський;ГЕНЗЕРІВКА;32.04746;50.35171
Яготинський;ЛЕМЕШІВКА;32.06377;50.33094
Яготинський;ЛУКОМЩИНА;32.12231;50.37043
Яготинський;ЛУКОМЩИНА;32.15149;50.37145
